Rank,Name,Revenues 2015,Profits 2015,Assets 2015,Employees 2015,Market Value 2015,Name,Revenues 2016,Profits 2016,Assets 2016,Employees 2016,Market Value 2016,Name,Revenues 2017,Profits 2017,Assets 2017,Employees 2017,Market Value 2017,Name,Revenues 2018,Profits 2018,Assets 2018,Employees 2018,Market Value 2018
1,3M,31821,4956,31269,89800,104796,3M,30274,4833,32718,89446,100946,3M,30109,5050,32906,91584,114338,3M,31657,4858,37987,91536,130550.3
2,A-Mark Precious Metals,5979,8,305,55,74,A-Mark Precious Metals,6070,7,326,52,139,A-Mark Precious Metals,6784,9.3,437,83,120,A-Mark Precious Metals,6989.6,7.1,478.5,126,86.1
3,Abbott Laboratories,22323,2284,41275,77000,69911,Abbott Laboratories,20661,4423,41247,74000,61626,Abbott Laboratories,20853,1400,52666,75000,76740,Abbott Laboratories,27390,477,76250,99000,104640.3
4,AbbVie,19960,1774,27547,26000,93204,AbbVie,22859,5144,53050,28000,92405,AbbVie,25638,5953,66099,30000,103838,AbbVie,28216,5309,70786,29000,150179.9
5,ADP,12220,1516,32052,61000,40692,ADP,11477,1453,33111,55000,41038,ADP,11668,1492.5,43670,57000,45963,ADP,12379.8,1733.4,37180,58000,50302.2
6,Advance Auto Parts,9844,494,7962,57300,10948,Advance Auto Parts,9737,473,8135,56500,11757,Advance Auto Parts,9568,459.6,8315,57500,10944,Advance Auto Parts,9373.8,475.5,8482.3,55500,8770.1
7,AECOM,8357,230,6123,43300,4792,AECOM,17990,-155,14014,92000,4699,AECOM,17411,96.1,13727,87000,5528,AECOM,18203.4,339.4,14397,87000,5671.2
8,AES,17378,769,38966,18500,9036,AES,14963,306,36850,21000,7785,AES,14287,-1130,36119,19000,7371,AES,13850,-1161,33112,10500,7509.8
,Aflac,22728,2951,119767,9525,28062,Aflac,20872,2533,118296,9915,26458,Aflac,22559,2659,129819,10212,29053,Aflac,21667,4604,137217,11318,34038.1
10,AGCO,9724,410,7396,20828,4212,AGCO,7467,266,6501,19588,4098,AGCO,7411,160.1,7168,19795,4783,AGCO,8306.5,186.4,7971.7,20462,5157.1
11,AIG,64406,7529,515581,65000,74184,AIG,58327,2196,496943,66400,61283,AIG,52367,-849,498264,56400,61154,AIG,49520,-6084,498301,49800,49144.7
12,Air Products & Chemicals,10448,992,17779,21050,32415,Air Products & Chemicals,9895,1278,17438,19550,31064,Air Products & Chemicals,9524,631.1,18055,18450,29438,Air Products & Chemicals,8442.4,3000.4,18467.2,15150,34817.9
13,AK Steel Holding,6506,-97,4859,8313,795,AK Steel Holding,6693,-509,4084,8500,737,AK Steel Holding,5883,-7.8,4036,8500,2263,AK Steel Holding,6080.5,6.2,4296.1,9200,1428.2
14,Alaska Air Group,5368,605,6181,13952,8661,Alaska Air Group,5598,848,6533,13858,10230,Alaska Air Group,5931,814,9962,19112,11407,Alaska Air Group,7933,1034,10740,23156,7645.5
15,Alliance Data Systems,5303,506,20264,15000,18606,Alliance Data Systems,6440,597,22422,16000,13049,Alliance Data Systems,7138,515.8,25514,17000,13925,Alliance Data Systems,7719.4,788.7,30684.8,20000,11805.5
16,Allstate,35239,2850,108533,39950,29637,Allstate,35653,2171,104656,41350,25486,Allstate,36534,1877,108610,43275,29754,Allstate,38524,3189,112422,42680,33477.6
17,Ally Financial,9790,1150,151828,6900,10102,Ally Financial,9539,1289,158581,7100,9043,Ally Financial,9835,1067,163728,7600,9437,Ally Financial,9866,929,167148,7900,11767.4
18,Alphabet,71487,14444,131133,53600,377542,Alphabet,74989,16348,147461,61814,525119,Alphabet,90272,19478,167497,72053,579426,Alphabet,110855,12662,197295,80110,719123.6
19,Altria Group,17945,5070,34475,9000,98505,Altria Group,18854,5241,32535,8800,122684,Altria Group,19337,14239,45932,8300,138513,Altria Group,19494,10222,43202,8300,118436
20,Amazon.com,88988,-241,54505,154100,172797,Amazon.com,107006,596,65444,230800,279511,Amazon.com,135987,2371,83402,341400,423031,Amazon.com,177866,3033,131310,566000,700667.7
21,Ameren,6054,586,22676,8527,10239,Ameren,6098,630,23640,8527,12156,Ameren,6076,653,24699,8629,13245,Ameren,6177,523,25945,8615,13740.4
22,American Airlines Group,42650,2882,43771,113300,36769,American Airlines Group,40990,7610,48415,118500,24730,American Airlines Group,40180,2676,51274,122300,21326,American Airlines Group,42207,1919,51396,126600,24584.3
23,American Electric Power,17020,1634,59633,18529,27529,American Electric Power,16900,2047,61683,17405,32606,American Electric Power,16380,610.9,63468,17634,33009,American Electric Power,15424.9,1912.6,64729.1,17666,33766.4
24,American Express,35999,5885,159103,54000,79618,American Express,34441,5163,161184,54800,58842,American Express,33823,5408,158893,56400,71193,American Express,35583,2736,181159,55000,80234.3
25,American Family Insurance Group,7933,515,20550,9205,0,American Family Insurance Group,8286,694,21461,9843,0,American Family Insurance Group,8829,325.6,22662,10471,0,American Family Insurance Group,9545.4,155.6,24233,11307,0
26,American Financial Group,5713,452,47535,7800,5633,American Financial Group,6145,352,49859,7400,6094,American Financial Group,6498,649,55072,7600,8303,American Financial Group,6865,475,60658,7600,9923.2
27,Ameriprise Financial,12296,1619,148810,12209,23854,Ameriprise Financial,12200,1562,145342,13000,15823,Ameriprise Financial,11735,1314,139821,13195,19953,Ameriprise Financial,12075,1480,147470,13312,21612.9
28,AmerisourceBergen,119569,277,21532,13500,24963,AmerisourceBergen,135962,-135,27736,17000,19511,AmerisourceBergen,146850,1427.9,33656,18500,19229,AmerisourceBergen,153143.8,364.5,35316.5,19500,18937.7
29,Amgen,20063,5158,69009,17900,121304,Amgen,21662,6939,71576,17900,112761,Amgen,22991,7722,77626,19200,120830,Amgen,22849,1979,79954,20800,122841.5
30,Amphenol,5346,709,7027,50700,18280,Amphenol,5569,764,7458,50700,17811,Amphenol,6286,822.9,8499,62000,21897,Amphenol,7011.3,650.5,10003.9,70000,26311.3
31,Anadarko Petroleum,18470,-1750,61689,6100,42687,Anadarko Petroleum,8698,-6692,46414,5800,24029,Anadarko Petroleum,7869,-3071,45564,4500,34640,Anadarko Petroleum,11908,-456,42086,4400,31131
32,Anixter International,6446,195,3587,9100,2502,Anixter International,6596,128,4142,8700,1718,Anixter International,7625,120.5,4094,8900,2626,Anixter International,7927.4,109,4252.2,8900,2522
33,Anthem,73874,2570,62065,51500,41195,Anthem,79157,2560,61718,53000,36325,Anthem,84863,2469.8,65083,53000,43813,Anthem,90039.4,3842.8,70540,56000,56182.1
34,Apache,13938,-5403,55952,4950,22734,Apache,6654,-23119,18842,3860,18475,Apache,5354,-1405,22519,3727,19547,Apache,6423,1304,21922,3356,14678.1
35,Apple,182795,39510,231839,97200,724773,Apple,233715,53394,290479,110000,604304,Apple,215639,45687,321686,116000,753718,Apple,229234,48351,375319,123000,851317.9
36,Applied Materials,9072,1072,13174,14475,27719,Applied Materials,9659,1377,15308,15050,23949,Applied Materials,10825,1721,14588,16150,42005,Applied Materials,14537,3434,19419,18400,58428.7
37,Aramark,14833,149,10456,216000,7496,Aramark,14329,236,10224,216500,8012,Aramark,14416,287.8,10582,217250,9081,Aramark,14604.4,373.9,11006.2,215000,9725.1
38,Archer Daniels Midland,81201,2248,44027,33900,29812,Archer Daniels Midland,67702,1849,40157,32300,21320,Archer Daniels Midland,62346,1279,39769,31800,26274,Archer Daniels Midland,60828,1595,39963,31300,24238.3
39,Arrow Electronics,22769,498,12443,17000,5849,Arrow Electronics,23282,498,13022,18500,5902,Arrow Electronics,23825,522.8,14206,18700,6546,Arrow Electronics,26812.5,402,16462.8,18800,6749.6
40,Asbury Automotive Group,5868,112,2192,8300,2375,Asbury Automotive Group,6588,169,2306,8600,1494,Asbury Automotive Group,6528,167.2,2336,7900,1271,Asbury Automotive Group,6456.5,139.1,2356.7,8000,1411.6
41,Assurant,10382,471,31563,17379,4209,Assurant,10326,142,30043,14861,4900,Assurant,7532,565.4,29709,14700,5298,Assurant,6415,519.6,31843,14175,4802.9
42,AT&T,132447,6224,292829,243620,169459,AT&T,146801,13345,402672,281450,240943,AT&T,163786,12976,403821,268540,255679,AT&T,160546,29450,444097,254000,218945.6
43,Auto-Owners Insurance,6337,564,19220,4377,0,Auto-Owners Insurance,6517,815,20108,4483,0,Auto-Owners Insurance,6775,706.3,21571,4737,0,Auto-Owners Insurance,7603.7,645.7,23694.1,5227,0
44,Autoliv,9241,468,7443,55400,10400,Autoliv,9170,457,7526,59350,10448,Autoliv,10074,567.1,8234,65900,9032,Autoliv,10382.6,427.1,8549.9,67352,12710
45,AutoNation,19109,419,8400,24000,7307,AutoNation,20862,443,9558,26000,4813,AutoNation,21609,430.5,10060,26000,4268,AutoNation,21534.6,434.6,10271.5,26000,4295.6
46,AutoZone,9475,1070,7518,59660,21640,AutoZone,10187,1160,8102,63990,23788,AutoZone,10636,1241,8600,66780,20540,AutoZone,10888.7,1280.9,9259.8,70035,17450.3
47,Avery Dennison,6330,249,4360,25000,4788,Avery Dennison,5967,274,4134,25000,6449,Avery Dennison,6087,320.7,4396,25000,7157,Avery Dennison,6613.8,281.8,5136.9,30000,9360.8
48,Avis Budget Group,8485,245,16969,26250,6264,Avis Budget Group,8502,313,17634,26350,2607,Avis Budget Group,8659,163,17643,25600,2528,Avis Budget Group,8848,361,17699,26300,3791.8
49,Avnet,27500,546,11256,19000,6069,Avnet,27925,572,10800,18800,5815,Avnet,26219,506.5,11240,17700,5898,Avnet,22872.1,525.3,9699.6,15700,5008.9
50,Ball,8570,470,7571,14500,9713,Ball,7997,281,9777,15200,10058,Ball,9061,263,16173,18450,13000,Ball,10983,374,17169,18300,13920.4
51,Bank of America Corp.,95181,4833,2104534,223715,161896,Bank of America Corp.,93056,15888,2144316,213280,139603,Bank of America Corp.,93662,17906,2187702,208024,236182,Bank of America Corp.,100264,18232,2281234,209376,306618.4
52,Bank of New York Mellon,16386,2567,385303,50300,44853,Bank of New York Mellon,15523,3158,393780,51200,39622,Bank of New York Mellon,15683,3547,333469,52000,48913,Bank of New York Mellon,16621,4090,371758,52500,51918.9
53,Baxter International,16972,2497,25917,65500,37232,Baxter International,9968,968,20975,49400,22601,Baxter International,10163,4965,15546,48000,28106,Baxter International,10561,717,17111,47000,34979
54,BB&T Corp.,9926,2151,186814,33400,28104,BB&T Corp.,10346,2084,209947,37200,25966,BB&T Corp.,11538,2426,219276,37500,36141,BB&T Corp.,12156,2394,221642,36484,40453.8
55,Becton Dickinson,8446,1185,12447,30619,29983,Becton Dickinson,10282,695,26820,49517,32158,Becton Dickinson,12483,976,25586,50928,39041,Becton Dickinson,12093,1100,37734,41933,57694.7
56,Bed Bath & Beyond,11504,1022,6356,58000,14250,Bed Bath & Beyond,11881,958,6759,60000,8121,Bed Bath & Beyond,12104,841.5,6499,62000,5931,Bed Bath & Beyond,12215.8,685.1,6846,65000,2989.2
57,Berkshire Hathaway,194673,19872,526186,316000,357344,Berkshire Hathaway,210821,24083,552257,331000,350279,Berkshire Hathaway,223604,24074,620854,367700,411035,Berkshire Hathaway,242137,44940,702095,377000,492008.4
58,Best Buy,41903,1233,15256,125000,13309,Best Buy,39745,897,13519,125000,10489,Best Buy,39403,1228,13856,125000,15193,Best Buy,42151,1000,13049,125000,20459.9
59,Biogen,9703,2935,14317,7550,99064,Biogen,10764,3547,19505,7350,56925,Biogen,11449,3702.8,22877,7400,59046,Biogen,12273.9,2539.1,23652.6,7300,57930.1
60,BlackRock,11081,3294,239808,12200,60512,BlackRock,11401,3345,225261,13000,56356,BlackRock,11155,3172,220177,13000,62225,BlackRock,12491,4970,220217,13900,87064.5
61,Boeing,90762,5446,99198,165500,105032,Boeing,96114,5176,94408,161400,82645,Boeing,94571,4895,89997,150540,107546,Boeing,93392,8197,92333,140800,192539.1
62,BorgWarner,8305,656,7228,22000,13727,BorgWarner,8023,610,8842,30000,8379,BorgWarner,9071,118.5,8835,27000,8895,BorgWarner,9799.3,439.9,9787.6,29000,10586
63,Boston Scientific,7380,-119,17042,24000,23771,Boston Scientific,7477,-239,18133,25000,25473,Boston Scientific,8386,347,18096,27000,34046,Boston Scientific,9048,104,19042,29000,37687.8
64,Bristol-Myers Squibb,15879,2004,33749,25000,107500,Bristol-Myers Squibb,16560,1565,31748,25000,106848,Bristol-Myers Squibb,19427,4457,33707,25000,89591,Bristol-Myers Squibb,20776,1007,33551,23700,103415.3
65,C.H. Robinson Worldwide,13470,450,3214,11521,10826,C.H. Robinson Worldwide,13476,510,3184,13159,10633,C.H. Robinson Worldwide,13144,513.4,3688,14125,10958,C.H. Robinson Worldwide,14869.4,504.9,4235.8,15074,13152.6
66,Calpine,8030,946,18378,2052,8583,Calpine,6472,235,18833,2209,5447,Calpine,6716,92,19317,2372,3989,Calpine,8752,-339,16453,2290,0
67,Campbell Soup,8405,818,8113,19400,14514,Campbell Soup,8082,691,8089,18600,19721,Campbell Soup,7961,563,7837,16500,17423,Campbell Soup,7890,887,7726,18000,13020.5
68,Capital One Financial,23877,4428,308854,46000,43308,Capital One Financial,25098,4050,334048,45400,35977,Capital One Financial,27519,3751,357033,47300,41831,Capital One Financial,29999,1982,365693,49300,46583.9
69,Cardinal Health,91084,1166,26033,34000,29801,Cardinal Health,102531,1215,30142,34500,26989,Cardinal Health,121546,1427,34122,37300,25725,Cardinal Health,129976,1288,40112,40400,19725.8
70,CarMax,13122,493,11707,20171,14493,CarMax,14874,597,13198,22064,10002,CarMax,15833,623.4,14482,22429,11081,CarMax,16637.1,627,16279.4,24344,11201.7
71,Casey's General Stores,7194,127,2305,20924,3501,Casey's General Stores,7052,181,2470,22408,4425,Casey's General Stores,6304,226,2726,24724,4400,Casey's General Stores,6640.6,177.5,3020.1,25463,4120.3
72,Caterpillar,55184,3695,84681,114233,48512,Caterpillar,47011,2102,78497,112200,44571,Caterpillar,38537,-67,74704,95400,54402,Caterpillar,45462,754,76962,98400,88078.1
73,CBRE Group,9050,485,7647,52000,12891,CBRE Group,10856,547,11018,70000,9633,CBRE Group,13072,572,10780,75000,11753,CBRE Group,14209.6,691.5,11483.8,80000,16042.4
74,CBS,14483,2959,24072,20125,30150,CBS,13886,1413,23765,19080,25316,CBS,14386,1261,24238,18410,28405,CBS,14710,357,20843,14715,19668
75,CDW,12075,245,6100,7211,6425,CDW,12989,403,6755,8465,6886,CDW,13982,424.4,6948,8516,9197,CDW,15191.5,523,6956.6,8726,10716.9
76,Celanese,6802,624,8818,7468,8692,Celanese,5674,304,8586,7081,9655,Celanese,5389,900,8357,7293,12643,Celanese,6140,843,9538,7592,13610.8
77,Celgene,7670,2000,17340,6012,92292,Celgene,9256,1602,27053,6971,78237,Celgene,11229,1999.2,28086,7132,96802,Celgene,13003,2940,30141,7467,67101.6
78,Centene,16588,271,5838,13400,8399,Centene,22795,355,7339,18200,10464,Centene,40721,562,20197,30500,12271,Centene,48572,828,21855,33700,18703.5
79,CenterPoint Energy,9226,611,23200,8540,8772,CenterPoint Energy,7386,-692,21334,7505,9009,CenterPoint Energy,7528,432,21829,7727,11882,CenterPoint Energy,9614,1792,22736,7977,11822.3
80,CenturyLink,18031,772,50147,45000,19572,CenturyLink,17900,878,47604,43000,17382,CenturyLink,17470,626,47017,40000,12883,CenturyLink,17656,1389,75611,51000,17577.8
81,Charles Schwab,6156,1321,154642,14600,39968,Charles Schwab,6501,1447,183718,15300,37026,Charles Schwab,7644,1889,223383,16200,54555,Charles Schwab,8960,2354,243274,17600,70312.8
82,Charter Communications,9108,-183,24550,23200,21647,Charter Communications,9754,-271,39316,23800,22761,Charter Communications,29003,3522,149067,91500,100595,Charter Communications,41581,9895,146623,94800,80953.7
83,Chesapeake Energy,20951,1917,40751,5500,9417,Chesapeake Energy,12764,-14685,17357,4400,2804,Chesapeake Energy,7872,-4401,13028,3300,5394,Chesapeake Energy,9496,949,12425,3200,2745.9
84,Chevron,203784,19241,266026,64700,197381,Chevron,131118,4587,266103,61500,179653,Chevron,107567,-497,260078,55200,203263,Chevron,134533,9195,253806,51900,217845.3
85,CHS,42664,1081,15147,11824,0,CHS,34582,781,15228,12511,0,CHS,30347,424.2,17318,12157,0,CHS,31934.8,127.9,15973.8,11626,0
86,Cigna,34914,2102,55896,37200,33453,Cigna,37876,2094,57088,39300,35101,Cigna,39668,1867,59360,41000,37604,Cigna,41616,2237,61753,46000,40734.6
87,Cisco Systems,47142,7853,105134,74042,140508,Cisco Systems,49161,8981,113481,71833,143265,Cisco Systems,49247,10739,121652,73700,169266,Cisco Systems,48005,9609,129818,72900,206623.3
88,Citigroup,90646,7313,1842530,241000,156304,Citigroup,88275,17242,1731210,231000,122796,Citigroup,82386,14912,1792077,219000,165394,Citigroup,87966,-6798,1842465,209000,172822
89,Clorox,5591,558,4258,8200,14481,Clorox,5666,580,4164,7700,16318,Clorox,5761,648,4518,8000,17294,Clorox,5973,701,4573,8100,17225
90,CMS Energy,7179,477,19185,7726,9644,CMS Energy,6456,523,20340,7758,11797,CMS Energy,6399,551,21622,7750,12528,CMS Energy,6583,460,23050,7887,12793.1
91,Coca-Cola,45998,7098,92023,129200,177142,Coca-Cola,44294,7351,90093,123200,200845,Coca-Cola,41863,6527,87270,100300,182153,Coca-Cola,35410,1248,87896,61800,185207.2
92,Cognizant Technology Solutions,10263,1439,11719,211500,38034,Cognizant Technology Solutions,12416,1624,13065,221700,38192,Cognizant Technology Solutions,13487,1553,14262,260200,36226,Cognizant Technology Solutions,14810,1504,15221,260000,47338.1
93,Colgate-Palmolive,17277,2180,13459,37700,62897,Colgate-Palmolive,16034,1384,11958,37900,63072,Colgate-Palmolive,15195,2441,12123,36700,64715,Colgate-Palmolive,15454,2024,12676,35900,62607.3
94,Comcast,68775,8380,159339,139000,143494,Comcast,74510,8163,166574,153000,149182,Comcast,80403,8695,180500,159000,178258,Comcast,84526,22714,186949,164000,158702.8
95,Community Health Systems,21987,92,27421,119000,6104,Community Health Systems,22678,158,26861,123000,2087,Community Health Systems,21374,-1721,21944,108000,1010,Community Health Systems,18477,-2459,17450,86000,453.9
96,ConocoPhillips,55997,6869,116539,19100,76671,ConocoPhillips,30935,-4428,97484,15900,49869,ConocoPhillips,24360,-3615,89772,13300,61692,ConocoPhillips,32584,-855,73362,11400,69640.7
97,Consolidated Edison,12919,1092,44308,14601,17866,Consolidated Edison,12554,1193,45642,14806,22495,Consolidated Edison,12075,1245,48255,14960,23708,Consolidated Edison,12033,1525,48111,15591,24192.3
98,Core-Mark Holding,8170,43,1030,5933,1490,Core-Mark Holding,8858,52,1077,6655,1888,Core-Mark Holding,11507,54.2,1497,7688,1445,Core-Mark Holding,12225,33.5,1782.5,8413,981.2
99,Corning,9715,2472,30063,34600,28776,Corning,9111,1339,28547,35700,22974,Corning,9390,3695,27899,40700,25030,Corning,10116,-497,27494,46200,23676.6
100,Costco,112640,2058,33024,153500,66654,Costco,116199,2377,33440,161000,69183,Costco,118719,2350,33163,172000,73606,Costco,129025,2679,36347,182000,82686.9
101,Crown Holdings,9097,387,9708,23000,7516,Crown Holdings,8762,393,10020,24000,6923,Crown Holdings,8284,496,9599,23992,7367,Crown Holdings,8698,323,10663,24342,6815.8
102,CSX,12669,1927,33053,31511,32842,CSX,11811,1968,35039,29761,24651,CSX,11069,1714,35414,26628,43126,CSX,11408,5471,35739,24006,49427.9
103,Cummins,19221,1651,15776,54600,25136,Cummins,19110,1399,15134,55200,18728,Cummins,17509,1394,15011,55400,25397,Cummins,20428,999,18075,58600,26757.3
104,CVS Health,139367,4644,74252,177800,117171,CVS Health,153290,5237,93657,199000,113947,CVS Health,177526,5317,94462,204000,81310,CVS Health,184765,6622,95131,203000,63114
105,D.R. Horton,8025,534,10203,5621,10407,D.R. Horton,10824,751,11151,6230,11178,D.R. Horton,12157,886.3,11559,6976,12438,D.R. Horton,14091,1038.4,12184.6,7735,16480.4
106,Danaher,19914,2598,36992,71000,60034,Danaher,20909,3357,48222,81000,65184,Danaher,19912,2553.7,45295,62000,59359,Danaher,18329.7,2492.1,46648.6,67000,68384.5
107,Darden Restaurants,8758,286,7101,206489,8722,Darden Restaurants,7164,710,5995,148892,8502,Darden Restaurants,6934,375,4583,150942,10389,Darden Restaurants,7170.2,479.1,5504.2,178729,10531.3
108,DaVita,13162,723,17943,57900,17540,DaVita,14210,270,18515,60400,15124,DaVita,15197,879.9,18741,70300,13227,DaVita,16038.2,663.6,18948.2,74500,12001.1
109,Dean Foods,9503,-20,2770,17246,1556,Dean Foods,8122,-9,2528,16960,1588,Dean Foods,7710,119.9,2606,17000,1786,Dean Foods,7795,61.6,2503.8,16000,787.1
110,Deere,36067,3162,61336,59623,29770,Deere,28863,1940,57948,57180,24277,Deere,26644,1523.9,57981,56767,34648,Deere,29737.7,2159.1,65786.3,60476,50290.7
111,Delek US Holdings,8324,199,2891,4361,2277,Delek US Holdings,5762,19,3325,4584,947,Delek US Holdings,5414,-153.7,2985,1326,1504,Delek US Holdings,7349.5,288.8,5935.2,3941,3415.5
112,Delta Air Lines,40362,659,54121,79655,37059,Delta Air Lines,40704,4526,53134,82949,37898,Delta Air Lines,39639,4373,51261,83756,33586,Delta Air Lines,41244,3577,53292,86564,38745.9
113,Devon Energy,19566,1607,50637,5437,24793,Devon Energy,13145,-14454,29532,5167,14376,Devon Energy,12197,-3302,25913,3545,21886,Devon Energy,13949,898,30241,3414,16724.7
114,Dick's Sporting Goods,6815,344,3436,24800,6770,Dick's Sporting Goods,7271,330,3559,25150,5373,Dick's Sporting Goods,7922,287.4,4058,27550,5489,Dick's Sporting Goods,8590.5,323.4,4203.9,30300,3764.5
115,Dillard's,6780,332,4170,30800,5624,Dillard's,6755,269,3866,30600,3050,Dillard's,6418,169.2,3888,30800,1645,Dillard's,6422.7,221.3,3673.2,31400,2288.5
116,Discover Financial Services,9611,2323,83126,14676,25140,Discover Financial Services,10002,2297,86936,15036,21091,Discover Financial Services,10497,2393,92308,15549,26255,Discover Financial Services,11545,2099,100087,16500,25430.9
117,Discovery Communications,6265,1139,16014,6800,13382,Discovery Communications,6394,1034,15864,7000,11733,Discovery Communications,6497,1194,15758,7000,11306,Discovery Communications,6873,-337,22555,7000,11155.6
118,DISH Network,14643,945,22108,19000,32356,DISH Network,15069,747,22887,18000,21474,DISH Network,15095,1449.9,28092,16000,29547,DISH Network,14391.4,2098.7,29773.8,17000,17681.5
119,Disney,48813,7501,84186,180000,178267,Disney,52465,8382,88182,185000,162031,Disney,55632,9391,92033,195000,179298,Disney,55137,8980,95789,199000,151029.2
120,Dollar General,18910,1065,11224,105500,22872,Dollar General,20369,1165,11258,113400,24522,Dollar General,21987,1251.1,11672,121000,19182,Dollar General,23471,1539,12516.9,129000,25140.8
121,Dollar Tree,8602,599,3567,54050,16696,Dollar Tree,15498,282,15901,111550,19393,Dollar Tree,20719,896.2,15702,116050,18540,Dollar Tree,22245.5,1714.3,16332.8,116200,22523.2
122,Dominion Resources,12436,1310,54327,14400,41681,Dominion Resources,11683,1899,58797,14700,44826,Dominion Resources,11737,2123,71610,16200,48732,Dominion Resources,12586,2999,76585,16200,45344.1
123,Dover,8322,775,9090,26740,11083,Dover,7029,870,8620,26000,9979,Dover,6794,508.9,10116,29000,12502,Dover,7830.4,811.7,10657.7,29000,15182.5
124,DTE Energy,12301,905,27974,10000,14466,DTE Energy,10337,727,28737,10000,16271,DTE Energy,10630,868,32041,10000,18317,DTE Energy,12607,1134,33767,10200,18759.9
125,Duke Energy,25673,1883,120709,28344,54362,Duke Energy,24002,2816,121156,29188,55572,Duke Energy,23369,2152,132761,28798,57397,Duke Energy,23189,3059,137914,29060,54275.9
126,DuPont,36046,3625,49876,63000,64710,DuPont,27940,1953,41166,52000,55289,DuPont,24594,2513,39964,46000,69451,DuPont,62683,1460,192164,98000,148186
127,Eastman Chemical,9527,751,16072,15000,10318,Eastman Chemical,9648,848,15611,15000,10686,Eastman Chemical,9008,854,15457,14000,11783,Eastman Chemical,9549,1384,15999,14000,15072.5
128,eBay,17902,46,45132,35550,69946,eBay,9496,1725,17785,11600,27263,eBay,8979,7266,23847,12600,36232,eBay,9567,-1016,25981,14100,40726.1
129,Ecolab,14281,1203,19467,47430,34011,Ecolab,13545,1002,18642,47145,32746,Ecolab,13153,1229.6,18330,47565,36356,Ecolab,13838.3,1508.4,19962.4,48400,39523.9
130,Edison International,13413,1612,50186,13690,20353,Edison International,11524,1020,50310,12768,23423,Edison International,11869,1311,51319,12390,25938,Edison International,12320,565,52580,12521,20741.1
131,Eli Lilly,19616,2391,37178,39135,80722,Eli Lilly,19959,2408,35569,41275,79535,Eli Lilly,21222,2737.6,38806,41975,92803,Eli Lilly,22871.3,-204.1,44981,40655,84542.2
132,EMCOR Group,6444,169,3389,27000,2927,EMCOR Group,6723,172,3547,29000,2948,EMCOR Group,7552,181.9,3894,31000,3756,EMCOR Group,7687.9,227.2,3965.9,32000,4549
133,Emerson Electric,24537,2147,24177,115100,38796,Emerson Electric,22304,2710,22088,110800,34973,Emerson Electric,20268,1635,21743,103500,38614,Emerson Electric,16301,1518,19589,76500,43359.4
134,Energy Transfer Equity,55691,633,64469,27605,34137,Energy Transfer Equity,42126,1189,71189,30078,7449,Energy Transfer Equity,37504,995,79011,30992,21292,Energy Transfer Equity,47487,954,86246,29486,15334.7
135,Entergy,12495,941,46528,13393,13988,Entergy,11513,-177,44648,13579,14219,Entergy,10846,-583.6,45904,13513,13685,Entergy,11074.5,411.6,46707.1,13504,14297.5
136,Enterprise Products Partners,47951,2787,47101,6900,67355,Enterprise Products Partners,27028,2521,48952,6800,49764,Enterprise Products Partners,23022,2513.1,52194,6800,58522,Enterprise Products Partners,29241.5,2799.3,54418.1,7000,52903.6
137,EOG Resources,18035,2916,34763,3000,50287,EOG Resources,8757,-4525,26975,2760,39911,EOG Resources,7651,-1096.7,29459,2650,56302,EOG Resources,11208.3,2582.6,29833.1,2664,60913.2
138,Erie Insurance Group,6124,168,17758,4700,0,Erie Insurance Group,6351,175,18272,4800,0,Erie Insurance Group,7016,741.9,18417,4988,0,Erie Insurance Group,7535.1,857.5,20669.2,5260,0
139,Estee Lauder,10969,1204,7869,42400,31440,Estee Lauder,10780,1089,8239,44000,34760,Estee Lauder,11262,1114.6,9223,46000,31068,Estee Lauder,11824,1249,11568,46000,55063.6
140,Eversource Energy,7742,820,29778,8248,16035,Eversource Energy,7955,879,30580,7943,18505,Eversource Energy,7639,942.3,32053,7762,18627,Eversource Energy,7752,988,36220.4,8084,18670.9
141,Exelon,27429,1623,86814,28993,28899,Exelon,29447,2269,95384,29762,33052,Exelon,31360,1134,114904,34396,33309,Exelon,33531,3770,116700,34621,37644.1
142,Expedia,5764,398,9021,18210,11928,Expedia,6672,765,15504,18730,16236,Expedia,8774,281.8,15778,20075,18901,Expedia,10059.8,378,18515.6,22615,16763.9
143,Expeditors International of Washington,6565,377,2891,14659,9239,Expeditors International of Washington,6617,457,2582,15397,8911,Expeditors International of Washington,6098,430.8,2791,16000,10208,Expeditors International of Washington,6920.9,489.3,3117,16500,11086.9
144,Exxon Mobil,382597,32520,349493,83700,356549,Exxon Mobil,246204,16150,336758,75600,347129,Exxon Mobil,205004,7840,330314,72700,340056,Exxon Mobil,244363,19710,348691,71200,316157.1
145,Facebook,12466,2940,40184,9199,230121,Facebook,17928,3688,49407,12691,324761,Facebook,27638,10217,64961,17048,410522,Facebook,40653,15934,84524,25105,464190.1
146,Fannie Mae,116461,14208,3248176,7600,2722,Fannie Mae,110359,10954,3221917,7300,1621,Fannie Mae,107162,12313,3287968,7000,3011,Fannie Mae,112394,2463,3345529,7200,1632.9
,Farmers Insurance Exchange,11318,3,15591,13530,0,Farmers Insurance Exchange,12626,-114,15567,13184,0,Farmers Insurance Exchange,12513,-147.9,16057,13309,0,Farmers Insurance Exchange,12071.8,-65.4,16164.8,13015,0
148,FedEx,45567,2097,33070,298099,46948,FedEx,47453,1050,37069,323035,43678,FedEx,50365,1820,46064,335767,52178,FedEx,60319,2997,48552,357000,64161
149,Fidelity National Information Services,6417,679,14521,40000,19402,Fidelity National Information Services,6595,632,26269,55000,20564,Fidelity National Information Services,9241,568,26031,55000,26178,Fidelity National Information Services,9123,1319,24517,53000,31892.6
150,Fifth Third Bancorp,6503,1481,138706,18351,15367,Fifth Third Bancorp,7031,1712,141082,18261,13082,Fifth Third Bancorp,6889,1564,142177,17844,19066,Fifth Third Bancorp,7713,2194,142193,18125,21811.7
151,First Data,11152,-458,34269,22655,0,First Data,11451,-1481,34362,24000,11669,First Data,11584,420,40292,24000,14224,First Data,12052,1465,48269,22000,14865.4
152,FirstEnergy,15054,299,52166,15557,14767,FirstEnergy,15026,578,52187,15781,15239,FirstEnergy,14156,-6177,43148,15707,14118,FirstEnergy,13627,-1724,42257,15617,16174.8
153,Fluor,21532,511,8194,37508,8427,Fluor,18114,413,7632,38758,7476,Fluor,19037,281.4,9216,61551,7353,Fluor,19521,191.4,9327.7,56706,8005.9
154,Foot Locker,7151,520,3577,29568,8798,Foot Locker,7412,541,3775,30985,8778,Foot Locker,7766,664,3840,32965,9818,Foot Locker,7782,284,3961,32175,5379
155,Ford Motor,144077,3187,208527,187000,64154,Ford Motor,149558,7373,224925,199000,53758,Ford Motor,151800,4596,237951,201000,46349,Ford Motor,156776,7602,257808,202000,44244.3
156,Franklin Resources,8491,2384,16357,9266,31912,Franklin Resources,7949,2035,16336,9489,23143,Franklin Resources,6618,1726.7,16099,9059,23823,Franklin Resources,6392.2,1696.7,17534,9386,19133.1
157,Freddie Mac,69367,7690,1945539,4982,1482,Freddie Mac,63491,6376,1986050,5439,871,Freddie Mac,65665,7815,2023376,5982,1612,Freddie Mac,74676,5625,2049776,6165,877.6
158,Freeport-McMoRan,21438,-1308,58795,35000,19705,Freeport-McMoRan,15877,-12236,46577,34500,12944,Freeport-McMoRan,15789,-4154,37317,30000,19310,Freeport-McMoRan,16416,1817,37302,25200,25438.6
159,GameStop,9296,393,4246,36000,4091,GameStop,9364,403,4335,40600,3296,GameStop,8608,353.2,4976,41750,2282,GameStop,9224.6,34.7,5041.6,39500,1278.5
160,Gap,16435,1262,7690,141000,18145,Gap,15797,920,7473,141000,11676,Gap,15516,676,7610,135000,9712,Gap,15855,848,7989,135000,12146.7
161,General Dynamics,30852,2533,35355,99500,44816,General Dynamics,31469,2965,31997,99900,40286,General Dynamics,31353,2955,32872,98800,56791,General Dynamics,30973,2912,35046,98600,65845.4
162,General Electric,148321,15233,648349,305000,249775,General Electric,140389,-6126,492692,333000,295174,General Electric,126661,8831,365183,295000,259520,General Electric,122274,-5786,377945,313000,117053.7
163,General Mills,17910,1824,23146,43000,33739,General Mills,17630,1221,21965,42000,37655,General Mills,16563,1697.4,21712,39000,33998,General Mills,15619.8,1657.5,21812.6,38000,26715.6
164,General Motors,155929,3949,177677,216000,60389,General Motors,152356,9687,194520,215000,48543,General Motors,166380,9427,221690,225000,52968,General Motors,157311,-3864,212482,180000,50971.6
165,Genuine Parts,15342,711,8246,39000,14230,Genuine Parts,15280,706,8145,39600,14856,Genuine Parts,15340,687.2,8859,40000,13712,Genuine Parts,16308.8,616.8,12412.4,48000,13182.6
166,Genworth Financial,9565,-1244,111358,5300,3633,Genworth Financial,9249,-615,106431,4100,1359,Genworth Financial,8369,-277,104658,3400,2056,Genworth Financial,8295,817,105297,3500,1412.7
167,Gilead Sciences,24890,12101,34664,7000,145533,Gilead Sciences,32639,18108,51839,8000,124437,Gilead Sciences,30390,13501,56977,9000,88788,Gilead Sciences,26107,4628,70283,10000,98297.3
168,Global Partners,17270,115,2040,1154,1079,Global Partners,10315,44,2664,1890,459,Global Partners,8240,-199.4,2564,1770,663,Global Partners,8920.6,58.8,2320.2,2000,521.8
169,Goldman Sachs Group,40085,8477,856240,34000,81884,Goldman Sachs Group,39208,6083,861395,36800,69253,Goldman Sachs Group,37712,7398,860165,34400,91380,Goldman Sachs Group,42254,4286,916776,36600,95462.5
170,Goodyear Tire & Rubber,18138,2452,18109,67000,7305,Goodyear Tire & Rubber,16443,307,16439,66000,8813,Goodyear Tire & Rubber,15158,1264,16511,66000,9070,Goodyear Tire & Rubber,15377,346,17064,64000,6391.9
171,Graybar Electric,5979,87,1939,8250,0,Graybar Electric,6110,91,2050,8300,0,Graybar Electric,6385,93.1,2099,8500,0,Graybar Electric,6631.2,71.6,2261.4,8500,0
172,Group 1 Automotive,9938,93,4142,11978,2093,Group 1 Automotive,10633,94,4415,12886,1375,Group 1 Automotive,10888,147.1,4462,13500,1584,Group 1 Automotive,11123.7,213.4,4871.1,14108,1366.4
173,Guardian Life Ins. Co. of America,11909,445,62059,5000,0,Guardian Life Ins. Co. of America,12628,411,65072,8000,0,Guardian Life Ins. Co. of America,12919,263.9,70339,8876,0,Guardian Life Ins. Co. of America,12454.5,455.3,75038.2,9283,0
174,Halliburton,32870,3500,32240,80000,37284,Halliburton,23633,-671,36942,65000,30660,Halliburton,15887,-5763,27000,50000,42662,Halliburton,20620,-463,25085,55000,41068.3
175,Hanesbrands,5325,405,5222,59500,13431,Hanesbrands,5732,429,5619,65300,10997,Hanesbrands,6063,539.4,6908,67800,7733,Hanesbrands,6478.3,61.9,6894.8,67200,6637.7
176,Harley-Davidson,6229,845,9528,6500,12816,Harley-Davidson,5995,752,9991,6300,9417,Harley-Davidson,5997,692.2,9890,6000,10626,Harley-Davidson,5647.2,521.8,9972.7,5800,7198
177,HD Supply Holdings,9167,3,6060,15000,6146,HD Supply Holdings,8779,1472,6016,14000,6633,HD Supply Holdings,7524,196,5707,14000,8296,HD Supply Holdings,6534,970,4318,11000,7040.4
178,Henry Schein,10371,466,6139,17500,11700,Henry Schein,10630,479,6505,19000,14146,Henry Schein,11572,506.8,6730,21000,13461,Henry Schein,12461.5,406.3,7811.2,22000,10329.8
179,Hershey,7422,847,5630,21625,22133,Hershey,7387,513,5344,19885,19797,Hershey,7440,720,5524,17140,23236,Hershey,7515.4,783,5553.7,16135,20773.8
180,Hertz Global Holdings,10535,273,23358,30000,4469,Hertz Global Holdings,10535,273,23358,30000,4469,Hertz Global Holdings,9480,-491,19155,36000,1456,Hertz Global Holdings,8803,327,20058,37000,1662
181,Hilton Worldwide Holdings,10502,673,26125,157000,29248,Hilton Worldwide Holdings,11272,1404,25716,164000,22289,Hilton Worldwide Holdings,11663,348,26211,169000,19276,Hilton Worldwide Holdings,9140,1259,14308,163000,24957.2
182,HollyFrontier,19764,281,9231,2686,7879,HollyFrontier,13238,740,8388,2704,6235,HollyFrontier,10536,-260.5,9436,2676,5048,HollyFrontier,14251.3,805.4,10692.2,3522,8650.2
183,Home Depot,83176,6345,39946,371000,148533,Home Depot,88519,7009,42549,385000,167181,Home Depot,94595,7957,42966,406000,176368,Home Depot,100904,8630,44529,413000,206271.7
184,Honeywell International,40306,4239,45451,127000,81427,Honeywell International,38581,4768,49316,129000,85308,Honeywell International,39302,4809,54146,131000,94991,Honeywell International,40534,1655,59387,131000,108148.5
185,Hormel Foods,9316,603,5456,20400,15012,Hormel Foods,9264,686,6140,20700,22914,Hormel Foods,9523,890.1,6370,21100,18316,Hormel Foods,9167.5,846.7,6975.9,20200,18173.6
186,HP,111454,5013,103206,302000,56635,HP,103355,4554,106882,287000,21272,HP,50123,3161,79679,195000,39288,HP,52056,2526,32913,49000,35893.3
187,Humana,48500,1147,23466,57000,26633,Humana,54289,1276,24705,50100,27263,Humana,54379,614,25396,51600,29743,Humana,53767,2448,27178,45900,37122
188,Huntington Ingalls Industries,6957,338,6269,38441,6845,Huntington Ingalls Industries,7020,404,6024,35995,6471,Huntington Ingalls Industries,7068,573,6352,37000,9265,Huntington Ingalls Industries,7441,479,6374,38000,11539.2
189,Huntsman,11578,323,11002,16000,5440,Huntsman,10299,93,9820,15000,3168,Huntsman,9657,326,9189,15000,5880,Huntsman,10592,636,10244,10000,7090.4
190,IBM,94128,12022,117532,412775,158642,IBM,82461,13190,110495,411798,145525,IBM,79919,11872,117470,414400,164251,IBM,79139,5753,125356,366000,141334.8
191,Icahn Enterprises,19157,-373,35780,65577,11038,Icahn Enterprises,15272,-1194,36442,73807,8290,Icahn Enterprises,16348,-1128,33335,90980,7989,Icahn Enterprises,21744,2430,31801,89034,9900.8
192,iHeartMedia,6319,-794,14040,19200,422,iHeartMedia,6242,-755,13821,18700,99,iHeartMedia,6274,-296.3,12862,18700,330,iHeartMedia,6178.2,-704.4,12257.3,18700,39.4
193,Illinois Tool Works,15282,2946,17678,49000,36265,Illinois Tool Works,13405,1899,15729,48000,37264,Illinois Tool Works,13599,2035,15201,50000,45791,Illinois Tool Works,14314,1687,16780,50000,53141.6
194,Ingredion,5668,355,5091,10850,5565,Ingredion,5621,402,5074,11500,7677,Ingredion,5704,484.9,5782,11000,8646,Ingredion,5832,519,6080,11000,9312.6
195,Insight Enterprises,5316,76,1948,5406,1134,Insight Enterprises,5373,76,2014,5761,1063,Insight Enterprises,5486,84.7,2219,5930,1458,Insight Enterprises,6703.6,90.7,2685.7,6697,1251.8
196,Intel,55870,11704,91956,106700,148095,Intel,55355,11420,103065,107300,152821,Intel,59387,10316,113327,106000,170539,Intel,62761,9601,123249,102700,243109.4
197,International Paper,26221,555,28684,58000,23464,International Paper,22365,938,30587,56000,16874,International Paper,21079,904,33345,55000,20884,International Paper,23302,2144,33903,56000,22063.4
198,Interpublic Group,7537,477,12747,47400,9121,Interpublic Group,7614,455,12585,49200,9229,Interpublic Group,7847,608.5,12485,49800,9648,Interpublic Group,7882.4,579,12695.2,50200,8854.3
199,INTL FCStone,34063,19,3040,1141,561,INTL FCStone,34693,56,5070,1231,503,INTL FCStone,14755,54.7,5951,1464,708,INTL FCStone,29423.6,6.4,6243.4,1607,804.3
200,J.B. Hunt Transport Services,6165,375,3397,20158,9950,J.B. Hunt Transport Services,6188,427,3637,21562,9500,J.B. Hunt Transport Services,6556,432.1,3829,22190,10212,J.B. Hunt Transport Services,7189.6,686.3,4465.3,24681,12857.7
201,J.C. Penney,12257,-771,10404,114000,2566,J.C. Penney,12625,-513,9442,105000,3394,J.C. Penney,12547,1,9314,106000,1901,J.C. Penney,12506,-116,8413,98000,942.9
202,J.M. Smucker,5611,565,9072,4775,13849,J.M. Smucker,5693,345,16883,7370,15540,J.M. Smucker,7811,688.7,15984,6910,15263,J.M. Smucker,7392.3,592.3,15639.7,7140,14087.4
203,J.P. Morgan Chase,102102,21762,2573126,241359,225861,J.P. Morgan Chase,101006,24442,2351698,234598,217353,J.P. Morgan Chase,105486,24733,2490972,243355,313761,J.P. Morgan Chase,113899,24441,2533600,252539,375042.9
204,Jabil,16349,241,8480,142000,4518,Jabil,17914,284,9603,161000,3672,Jabil,18353,254.1,10323,138000,5270,Jabil,19063.1,129.1,11096,170000,5034.5
205,Jacobs Engineering Group,12695,328,8454,59900,5794,Jacobs Engineering Group,12115,303,7786,56950,5337,Jacobs Engineering Group,10964,210.5,7360,49350,6693,Jacobs Engineering Group,10022.8,293.7,7380.9,49750,8379.9
206,JetBlue Airways,5817,401,7839,13343,5984,JetBlue Airways,6416,677,8660,14537,6802,JetBlue Airways,6632,759,9487,15986,6875,JetBlue Airways,7015,1147,9781,17424,6540.2
207,Johnson & Johnson,74331,16323,131119,126500,279717,Johnson & Johnson,70074,15409,133411,127100,298563,Johnson & Johnson,71890,16540,141208,126400,337642,Johnson & Johnson,76450,1300,157303,134000,343780.3
208,Jones Lang LaSalle,5430,386,5075,58100,7640,Jones Lang LaSalle,5966,439,6205,61500,5289,Jones Lang LaSalle,6804,318.2,7629,77300,5043,Jones Lang LaSalle,7932.4,254.2,8014.5,81900,7930.2
209,Kellogg,14580,632,15153,29790,23491,Kellogg,13525,614,15265,33577,26964,Kellogg,13014,694,15111,37369,25417,Kellogg,12923,1269,16350,32944,22531.9
210,Kimberly-Clark,21044,1526,15526,43000,39117,Kimberly-Clark,18591,1013,14842,43000,48545,Kimberly-Clark,18202,2166,14602,42000,46828,Kimberly-Clark,18259,2278,15151,42000,38552.7
211,Kinder Morgan,16226,1026,83198,11535,90623,Kinder Morgan,14403,253,84104,11290,39856,Kinder Morgan,13058,708,80305,11121,48533,Kinder Morgan,13705,183,79055,10897,33223.4
212,Kohl's,19023,867,14431,84500,15869,Kohl's,19204,673,13606,86000,8631,Kohl's,18686,556,13574,85000,6862,Kohl's,19095,859,13340,85000,11021.2
213,Kraft Heinz,18205,1043,22947,22100,51223,Kraft Heinz,18338,634,122973,42000,95465,Kraft Heinz,26487,3632,120480,41000,110528,Kraft Heinz,26232,10999,120232,39000,75919.9
214,Kroger,108465,1728,30556,400000,37648,Kroger,109830,2039,33897,431000,36815,Kroger,115337,1975,36505,443000,26961,Kroger,122662,1907,37197,449000,20827.8
215,L Brands,11454,1042,7544,50150,27570,L Brands,12154,1253,8493,55400,25209,L Brands,12574,1158.1,8170,59100,13426,L Brands,12632.4,983,8149,59200,10655.2
216,Laboratory Corp. of America,6012,511,7302,36000,12647,Laboratory Corp. of America,8680,437,14222,50000,11912,Laboratory Corp. of America,9642,732.1,14247,52000,14696,Laboratory Corp. of America,10441.4,1268.2,16568,60000,16482.3
217,Land O'Lakes,15199,267,6992,10000,0,Land O'Lakes,13161,308,8000,10000,0,Land O'Lakes,13233,244.9,8305,10000,0,Land O'Lakes,13740.4,314.2,9508.9,10000,0
218,Las Vegas Sands,14584,2841,22362,48500,43950,Las Vegas Sands,11689,1966,20987,46500,41070,Las Vegas Sands,11410,1670,20469,49000,45313,Las Vegas Sands,12882,2806,20687,50500,56720.6
219,Lear,17727,672,9150,125200,8554,Lear,18211,746,9406,136200,8157,Lear,18558,975.1,9901,148400,9726,Lear,20467,1313.4,11945.9,165000,12453.2
220,Lennar,7780,639,12958,6825,10632,Lennar,9474,803,14420,7749,10372,Lennar,10950,911.8,15362,8335,12002,Lennar,12646.4,810.5,18745,9111,18738.2
221,Liberty Mutual Insurance Group,39796,1833,124304,50000,0,Liberty Mutual Insurance Group,39450,514,121707,50000,0,Liberty Mutual Insurance Group,38308,1006,125592,50000,0,Liberty Mutual Insurance Group,42687,17,142502,50000,0
222,Lincoln National,13554,1515,253377,9627,14732,Lincoln National,13572,1154,251937,9312,9446,Lincoln National,13330,1192,261627,9057,14760,Lincoln National,14257,2079,281763,9047,15945.9
223,Lithia Motors,5403,139,2881,8827,2610,Lithia Motors,7864,183,3227,9574,2246,Lithia Motors,8678,197.1,3844,11170,2156,Lithia Motors,10086.5,245.2,4683.1,12899,2515.1
224,Live Nation Entertainment,6867,-91,5988,10950,5084,Live Nation Entertainment,7246,-33,6156,12200,4517,Live Nation Entertainment,8355,2.9,6764,11500,6219,Live Nation Entertainment,10337.4,-6,7504.3,15050,8772.2
225,LKQ,6740,382,5574,29500,7772,LKQ,7193,423,5648,31100,9777,LKQ,9082,464,8303,42500,9021,LKQ,9848,533.7,9366.9,43000,11750.1
226,Lockheed Martin,45600,3614,37073,112000,64193,Lockheed Martin,46132,3605,49128,126000,67508,Lockheed Martin,50658,5302,47806,97000,77557,Lockheed Martin,51048,2002,46521,100000,96588.6
227,Loews,14572,591,78367,17510,15237,Loews,13415,260,76029,16700,12970,Loews,13105,654,76594,15800,15747,Loews,13735,1164,79586,18100,16134.3
228,Lowe's,56223,2698,31827,220500,70797,Lowe's,59074,2546,31266,225000,67981,Lowe's,65017,3093,34408,240000,70481,Lowe's,68619,3447,35291,255000,72811.5
229,ManpowerGroup,20763,428,7183,26000,6746,ManpowerGroup,19330,419,7518,27000,5878,ManpowerGroup,19654,443.7,7574,28000,6938,ManpowerGroup,21034.3,545.4,8883.6,29000,7614.2
230,Marathon Petroleum,91417,2524,30460,45340,27959,Marathon Petroleum,64566,2852,43115,45440,19677,Marathon Petroleum,55858,1174,44413,44460,26679,Marathon Petroleum,67610,3432,49047,43800,34682.7
231,Marriott International,13796,753,6865,123500,22212,Marriott International,14486,859,6082,127500,18043,Marriott International,17072,780,24140,226500,36124,Marriott International,22894,1372,23948,177000,48531.2
232,Marsh & McLennan,12951,1465,17840,57000,30199,Marsh & McLennan,12893,1599,18216,60000,31685,Marsh & McLennan,13211,1768,18190,60000,38078,Marsh & McLennan,14024,1492,20429,64000,41924.4
233,Masco,8521,856,7167,32000,9333,Masco,7904,355,5680,25000,10469,Masco,7357,491,5137,26000,10888,Masco,7644,533,5488,26000,12590
234,Massachusetts Mutual Life Insurance,33572,1327,253858,11418,0,Massachusetts Mutual Life Insurance,38243,1425,266550,11593,0,Massachusetts Mutual Life Insurance,37788,1273.5,271040,11737,0,Massachusetts Mutual Life Insurance,33495.4,513,288854.8,11811,0
235,MasterCard,9473,3617,15329,10300,99215,MasterCard,9667,3808,16269,11300,104965,Mastercard,10776,4059,18675,11900,121234,Mastercard,12497,3915,21329,13400,184160.6
236,McDonald's,27441,4758,34281,420000,93651,McDonald's,25413,4529,37939,420000,113314,McDonald's,24622,4686.5,31024,375000,106150,McDonald's,22820.4,5192.3,33803.7,235000,124243.6
237,McKesson,138030,1263,51759,42800,52669,McKesson,181241,1476,53870,70400,35945,McKesson,192487,2258,56563,68000,31439,McKesson,198533,5070,60969,64500,29067
238,Merck,42237,11920,98335,70000,163139,Merck,39498,4442,101779,68000,146839,Merck,39807,3920,95377,68000,174454,Merck,40122,2394,87872,69000,146861.5
239,MetLife,73316,6309,902337,68000,56578,MetLife,69951,5310,877933,69000,48188,MetLife,63476,800,898764,58000,57429,MetLife,66153,4010,719892,49000,47571.5
240,MGM Resorts International,10082,-150,26703,60100,10332,MGM Resorts International,9190,-448,25215,57950,12111,MGM Resorts International,9455,1101.4,28173,66500,15733,MGM Resorts International,10773.9,1960.3,29159.2,68500,19844.3
241,Micron Technology,16358,3045,22498,30400,29228,Micron Technology,16192,2899,24143,31800,10862,Micron Technology,12399,-276,27540,31400,31972,Micron Technology,20322,5089,35336,34100,60470.1
242,Microsoft,86833,22074,172384,128000,333525,Microsoft,93580,12193,176223,118000,436831,Microsoft,85320,16798,193694,114000,508935,Microsoft,89950,21204,241086,124000,702760.1
243,Mohawk Industries,7803,532,8286,32300,13562,Mohawk Industries,8072,615,9942,34100,14118,Mohawk Industries,8959,930.4,10231,37800,17025,Mohawk Industries,9491.3,971.6,12094.9,38800,17283.1
244,Molina Healthcare,9667,62,4477,10500,3359,Molina Healthcare,14178,143,6576,21000,3649,Molina Healthcare,17782,52,7449,21000,2601,Molina Healthcare,19883,-512,8471,20000,4867.4
245,Mondelez International,34244,2184,66815,104000,59181,Mondelez International,29636,7267,62843,99000,62472,Mondelez International,25923,1659,61538,90000,65676,Mondelez International,25896,2922,63109,83000,62066.2
246,Morgan Stanley,37953,3467,801510,55802,70545,Morgan Stanley,37897,6127,787465,56218,48984,Morgan Stanley,37949,5979,814949,55311,79947,Morgan Stanley,43642,6111,851733,57633,96688
247,Mosaic,9056,1029,18283,9100,17285,Mosaic,8895,1000,17412,8900,9518,Mosaic,7163,297.8,16841,8700,10242,Mosaic,7409.4,-107.2,18633.4,8500,9357.9
248,Motorola Solutions,7785,1299,10423,15000,14086,Motorola Solutions,5695,610,8387,14000,13224,Motorola Solutions,6038,560,8463,14000,14131,Motorola Solutions,6380,-155,8208,15000,17026.5
249,Murphy USA,15279,244,1934,5725,3296,Murphy USA,10885,176,1886,7100,2457,Murphy USA,9633,221.5,2089,6600,2706,Murphy USA,10853.4,245.3,2331,6900,2440.3
250,Mutual of Omaha Insurance,6878,292,34481,5276,0,Mutual of Omaha Insurance,7236,333,35629,5488,0,Mutual of Omaha Insurance,7899,356.6,38465,5732,0,Mutual of Omaha Insurance,8731.9,862.6,42429.3,5896,0
251,National Oilwell Varco,23141,2502,33562,59091,20493,National Oilwell Varco,14757,-769,26725,47262,11687,National Oilwell Varco,7251,-2412,21140,36384,15183,National Oilwell Varco,7304,-237,20206,31605,13993.1
252,Nationwide,36257,432,182575,33672,0,Nationwide,40222,581,185306,34032,0,Nationwide,40074,334.3,197790,34320,0,Nationwide,43939.9,246.5,221256.9,33135,0
253,Navistar International,10806,-619,7443,14800,2404,Navistar International,10140,-184,6692,13800,1022,Navistar International,8111,-97,5653,11300,2416,Navistar International,8570,30,6135,11400,3451.2
254,NCR,6591,191,8607,30200,4978,NCR,6373,-178,7635,32600,3984,NCR,6543,270,7673,33500,5620,NCR,6516,232,7654,34000,3737.4
255,NetApp,6325,638,9219,12490,11055,NetApp,6123,560,9401,12810,7889,NetApp,5546,229,10037,12030,11339,NetApp,5519,509,9493,10100,16528.2
256,Netflix,5505,267,7057,2320,25209,Netflix,6780,123,10203,3700,43763,Netflix,8831,186.7,13587,3850,63619,Netflix,11692.7,558.9,19012.7,5100,128166.7
257,New York Life Insurance,38680,1602,249664,11563,0,New York Life Insurance,45891,257,271668,11463,0,New York Life Insurance,40787,1088.1,287196,11320,0,New York Life Insurance,42296,1866.9,303182.8,11114,0
258,Newell Brands,5810,378,6681,17400,10490,Newell Brands,5972,350,7278,17200,11873,Newell Brands,13264,527.8,33838,53400,22787,Newell Brands,14742.2,2748.8,33135.5,49000,12362.9
259,News Corp.,8574,239,16489,22000,9297,News Corp.,8633,-147,15093,25000,7412,News Corp.,8319,179,15483,24000,7559,News Corp.,8139,-738,14552,26000,9272.2
260,NextEra Energy,17021,2465,74929,13800,46211,NextEra Energy,17486,2752,82479,14300,54606,NextEra Energy,16155,2912,89993,14700,60099,NextEra Energy,17195,5378,97827,14000,76894.8
261,NGL Energy Partners,9699,48,4167,2500,2748,NGL Energy Partners,16802,17,6548,3100,805,NGL Energy Partners,11742,-198.9,5560,3200,2686,NGL Energy Partners,13022.2,137,6320.4,2700,1331.9
262,Nike,27799,2693,18594,56500,86679,Nike,30601,3273,21600,62600,104693,Nike,32376,3760,21396,70700,92204,Nike,34350,4240,23259,74400,108093.9
263,Nordstrom,13506,720,9245,67000,15293,Nordstrom,14437,600,7698,72500,9893,Nordstrom,14757,354,7858,72500,7770,Nordstrom,15478,437,8115,76000,8122.7
264,Norfolk Southern,11624,2000,33241,29482,31527,Norfolk Southern,10511,1556,34260,30456,24659,Norfolk Southern,9888,1668,34892,27856,32515,Norfolk Southern,10551,5404,35711,27110,41226.2
265,Northrop Grumman,23979,2069,26572,64300,31935,Northrop Grumman,23526,1990,24454,65000,35809,Northrop Grumman,24508,2200,25614,67000,41577,Northrop Grumman,25803,2015,34917,70000,60777.5
266,Northwestern Mutual,27465,679,229933,5187,0,Northwestern Mutual,28111,815,238472,5530,0,Northwestern Mutual,28799,818,250441,5646,0,Northwestern Mutual,29331,1017,265049,5437,0
267,NRG Energy,15868,134,40665,9806,8493,NRG Energy,14674,-6382,32882,10468,4110,NRG Energy,12351,-774,30355,8763,5911,NRG Energy,11275,-2153,23318,5940,9698.3
268,Nucor,21105,714,15616,23600,15164,Nucor,16439,358,14250,23700,15039,Nucor,16208,796.3,15224,23900,19051,Nucor,20252.4,1318.7,15841.3,25100,19432.2
269,O'Reilly Automotive,7216,778,6540,50853,22014,O'Reilly Automotive,7967,931,6677,54911,26553,O'Reilly Automotive,8593,1037.7,7204,58397,24730,O'Reilly Automotive,8977.7,1133.8,7571.9,60365,20606.8
270,Occidental Petroleum,25898,616,56259,11700,56250,Occidental Petroleum,12699,-7829,43437,11100,52270,Occidental Petroleum,10398,-574,43109,11000,48444,Occidental Petroleum,13274,1311,42026,11000,49737.9
271,Office Depot,16096,-354,6844,56000,5004,Office Depot,14485,8,6442,49000,3898,Office Depot,13585,529,5540,38000,2402,Office Depot,10752,181,6323,45000,1195.1
272,Old Republic International,5531,410,16988,8000,3899,Old Republic International,5766,422,17111,8200,4790,Old Republic International,5901,466.9,18592,8500,5382,Old Republic International,6263.1,560.5,19403.5,8700,5777.5
273,Omnicom Group,15318,1104,21560,74000,19239,Omnicom Group,15134,1094,22111,74900,19941,Omnicom Group,15417,1148.6,23165,78500,20219,Omnicom Group,15273.6,1088.4,24931.2,77300,16733.5
274,Oneok,12836,314,15305,2269,10053,Oneok,7763,245,15446,2364,6270,Oneok,8921,352,16139,2384,11684,Oneok,12173.9,387.8,16845.9,2470,23373.3
275,Oracle,38275,10955,90344,122000,188439,Oracle,38226,9938,110903,132000,169771,Oracle,37047,8901,112180,136000,183556,Oracle,37728,9335,134991,138000,186765.8
276,Oshkosh,6808,309,4587,12000,3813,Oshkosh,6098,230,4613,13300,2988,Oshkosh,6279,216.4,4514,13800,5118,Oshkosh,6829.6,285.6,5098.9,14000,5767.9
277,Owens & Minor,9440,67,2735,7800,2137,Owens & Minor,9773,103,2778,8100,2540,Owens & Minor,9723,108.8,2718,7900,2114,Owens & Minor,9318.3,72.8,3376.3,8600,961.3
278,Owens Corning,5276,226,7555,14000,5132,Owens Corning,5350,330,7380,15000,5480,Owens Corning,5677,393,7741,16000,6910,Owens Corning,6384,289,8632,17000,8981.8
279,Owens-Illinois,6784,75,7858,21100,3830,Owens-Illinois,6156,-74,9421,27000,2569,Owens-Illinois,6702,209,9135,27000,3316,Owens-Illinois,6869,180,9756,26500,3537.6
280,Paccar,18997,1359,20619,23300,22384,Paccar,19115,1604,21110,23000,19216,Paccar,17033,521.7,20639,23000,23604,Paccar,19456.4,1675.2,23440.2,25000,23297.5
281,Pacific Life,7073,540,137048,3095,0,Pacific Life,8642,661,137279,3276,0,Pacific Life,9169,824,143298,3628,0,Pacific Life,9510,1365,157877,3578,0
282,Packaging Corp. of America,5853,393,5349,14000,7691,Packaging Corp. of America,5742,437,5285,13000,5693,Packaging Corp. of America,5779,449.6,5777,14000,8631,Packaging Corp. of America,6444.9,668.6,6197.5,14600,10633.2
283,Parker-Hannifin,13216,1041,13274,57450,16921,Parker-Hannifin,12712,1012,12295,54750,15007,Parker-Hannifin,11361,806.8,12057,48950,21370,Parker-Hannifin,12029.3,983.4,15489.9,56690,22755.3
284,PayPal Holdings,9248,1228,28881,16800,47195,PayPal Holdings,9248,1228,28881,16800,47195,PayPal Holdings,10842,1401,33103,18100,51650,PayPal Holdings,13094,1795,40774,18700,91056.2
285,PBF Energy,19828,-38,5196,1714,3092,PBF Energy,13124,146,6105,2270,3412,PBF Energy,15920,170.8,7622,3165,2431,PBF Energy,21786.6,415.5,8118,3165,3751.8
286,Penske Automotive Group,17439,287,7228,22100,4651,Penske Automotive Group,19361,326,8023,23000,3269,Penske Automotive Group,20143,342.9,8861,24000,4001,Penske Automotive Group,21389,613.3,10540.6,26000,3817.2
287,PepsiCo,66683,6513,70509,271000,141744,PepsiCo,63056,5452,69667,263000,149753,PepsiCo,62799,6329,74129,264000,159763,PepsiCo,63525,4857,79804,263000,154932.5
288,Peter Kiewit Sons',10380,350,6759,25700,0,Peter Kiewit Sons',8992,251,6038,22000,0,Peter Kiewit Sons',8573,396,6179,20000,0,Peter Kiewit Sons',8678,371,5710,22000,0
289,Pfizer,49605,9135,169274,78300,213622,Pfizer,48851,6960,167460,97900,183298,Pfizer,52824,7215,171615,96500,203725,Pfizer,52546,21308,171797,90200,211115.3
290,PG&E Corp.,17090,1436,60127,22581,25371,PG&E Corp.,16833,874,63339,23323,29432,PG&E Corp.,17666,1393,68598,24000,33696,PG&E Corp.,17135,1646,68012,23000,22663.9
291,Philip Morris International,29767,7493,35187,82500,116693,Philip Morris International,26794,6873,33956,80200,152193,Philip Morris International,26685,6967,36851,79500,175349,Philip Morris International,28748,6035,42968,80600,154513.8
292,Phillips 66,149434,4762,48741,14000,42627,Phillips 66,87169,4227,48580,14000,45566,Phillips 66,72396,1555,51653,14800,40954,Phillips 66,91568,5106,54371,14600,44729.9
293,Plains GP Holdings,43464,70,23983,5300,17361,Plains GP Holdings,23152,118,24142,5400,5423,Plains GP Holdings,20182,94,26103,5100,9127,Plains GP Holdings,26223,-731,26753,4850,6328.2
294,PPG Industries,15607,2102,17583,44400,30763,PPG Industries,15330,1406,17076,46600,29742,PPG Industries,15178,877,15769,47000,26970,PPG Industries,14967,1591,16538,47200,27824.4
295,PPL,11616,1737,48864,17391,22461,PPL,7669,682,39301,12799,25727,PPL,7517,1902,38315,12689,25448,PPL,7447,1128,41479,12512,19634.7
296,Procter & Gamble,84537,11643,144266,118000,221280,Procter & Gamble,78756,7036,129495,110000,222613,Procter & Gamble,71726,10508,127136,105000,229700,Procter & Gamble,66217,15326,120406,95000,199865.2
297,Progressive,19391,1281,25788,26501,15982,Progressive,20854,1268,29819,28580,20487,Progressive,23441,1031,33428,31721,22760,Progressive,26839,1592.2,38701.2,33656,35478.1
298,Prudential Financial,54123,1381,766655,48331,36461,Prudential Financial,57119,5642,757388,49384,32086,Prudential Financial,58779,4368,783962,49739,45912,Prudential Financial,59689,7863,831921,49705,43685.8
299,Public Service Enterprise Group,10886,1518,35333,12689,21219,Public Service Enterprise Group,10415,1679,37535,13025,23874,Public Service Enterprise Group,9061,887,40070,13065,22451,Public Service Enterprise Group,9084,1574,42716,12945,25359.4
300,Publix Super Markets,30803,1735,15084,175000,0,Publix Super Markets,32619,1965,16359,180000,0,Publix Super Markets,34274,2025.7,17464,191000,0,Publix Super Markets,34836.8,2291.9,18183.5,193000,0
301,PulteGroup,5822,474,8569,4149,8144,PulteGroup,5982,494,8967,4542,6481,PulteGroup,7669,602.7,10178,4623,7466,PulteGroup,8573.3,447.2,9686.6,4810,8439.2
302,PVH,8241,439,10932,25850,8794,PVH,8020,572,10696,26200,8051,PVH,8203,549,11068,26650,8092,PVH,8914.8,537.8,11885.7,28050,11649.4
303,Qualcomm,26487,7967,48574,31300,114381,Qualcomm,25281,5271,50796,33000,76449,Qualcomm,23554,5705,52359,30500,84694,Qualcomm,22291,2466,65486,33800,82026.9
304,Quanta Services,7851,297,6312,24600,5824,Quanta Services,7632,311,5214,24500,3605,Quanta Services,7651,198.4,5354,28100,5386,Quanta Services,9466.5,315,6480.2,32800,5281.1
305,Quest Diagnostics,7435,556,9877,45000,11090,Quest Diagnostics,7493,709,9962,44000,10200,Quest Diagnostics,7515,645,10100,43000,13501,Quest Diagnostics,7709,772,10503,45000,13619.1
306,R.R. Donnelley & Sons,11603,117,7639,68000,3834,R.R. Donnelley & Sons,11257,151,7279,68400,3424,R.R. Donnelley & Sons,6896,-495.9,4285,44360,846,R.R. Donnelley & Sons,6939.6,-34.4,3904.5,42700,611.8
307,Ralph Lauren,7450,776,6090,18500,11482,Ralph Lauren,7620,702,6106,20000,8087,Ralph Lauren,7405,396,6213,20500,6710,Ralph Lauren,6652.8,-99.3,5652,18250,9088.2
308,Raytheon,22826,2244,27900,61000,33575,Raytheon,23247,2074,29281,61000,36666,Raytheon,24069,2211,30052,63000,44664,Raytheon,25348,2024,30860,64000,62265.4
309,Realogy Holdings,5328,143,7538,10700,6664,Realogy Holdings,5706,184,7531,11400,5308,Realogy Holdings,5810,213,7421,11800,4173,Realogy Holdings,6114,431,7337,11800,3568.4
310,Regions Financial,5428,1155,119679,23723,12690,Regions Financial,5674,1062,126050,23916,10025,Regions Financial,5967,1163,125968,22166,17512,Regions Financial,6093,1263,124294,21714,20860.6
311,Reinsurance Group of America,10904,684,44680,2070,6410,Reinsurance Group of America,10418,502,50383,2201,6277,Reinsurance Group of America,11522,701.4,53098,2371,8169,Reinsurance Group of America,12515.8,1822.2,60514.8,2640,9930.1
312,Reliance Steel & Aluminum,10452,372,7837,14900,4737,Reliance Steel & Aluminum,9351,312,7122,13400,4972,Reliance Steel & Aluminum,8613,304.3,7411,14500,5830,Reliance Steel & Aluminum,9721,613.4,7751,14900,6244.4
313,Republic Services,8788,548,20094,31000,14320,Republic Services,9115,750,20577,33000,16433,Republic Services,9388,612.6,20630,33000,21312,Republic Services,10041.5,1278.4,21147,35000,21832.2
314,Rite Aid,25526,249,6945,69420,8532,Rite Aid,26528,2109,8863,69865,8529,Rite Aid,30737,165.5,11277,70580,4473,Rite Aid,32845.1,4.1,11593.8,70430,1793.4
315,Rockwell Automation,6624,827,6230,22500,15710,Rockwell Automation,6308,828,6405,22500,14949,Rockwell Automation,5880,729.7,7101,22000,20024,Rockwell Automation,6311.3,825.7,7161.7,22000,22260.1
316,Ross Stores,11042,925,4703,71400,21861,Ross Stores,11940,1021,4869,77800,23235,Ross Stores,12867,1117.7,5309,78600,25814,Ross Stores,14134.7,1362.8,5722.1,82700,29799.7
317,Ryder System,6639,219,9676,30600,5055,Ryder System,6572,305,10968,33100,3478,Ryder System,6787,262.5,10903,34500,3992,Ryder System,7329.6,790.6,11452.2,36100,3867.2
318,salesforce.com,5374,-263,10693,16200,43467,salesforce.com,6667,-47,12771,19742,49533,salesforce.com,8392,179.6,17585,25000,58362,salesforce.com,10480,127.5,21009.8,29000,85073.5
319,Sanmina,6215,197,3313,38417,2012,Sanmina,6375,377,3493,38910,1805,Sanmina,6481,187.8,3625,40178,3016,Sanmina,6868.6,138.8,3847.4,41250,1863.1
320,Seaboard,6473,365,3677,10778,4837,Seaboard,5594,171,4431,10772,3515,Seaboard,5379,312,4755,11781,4881,Seaboard,5809,247,5161,11800,4992.4
321,Sempra Energy,11035,1161,39732,17046,26961,Sempra Energy,10231,1349,41150,17387,25931,Sempra Energy,10183,1370,47786,16575,27692,Sempra Energy,11207,256,50454,16046,29351.4
322,Sherwin-Williams,11130,866,5706,39674,27047,Sherwin-Williams,11339,1054,5792,40706,26267,Sherwin-Williams,11856,1132.7,6753,42550,28891,Sherwin-Williams,14983.8,1772.3,19958.4,52695,36899
323,Sonic Automotive,9197,97,3183,9300,1268,Sonic Automotive,9624,86,3562,9800,851,Sonic Automotive,9732,93.2,3639,9800,900,Sonic Automotive,9867.2,93,3818.5,9750,803.7
324,Southern,18467,1963,70923,26369,40289,Southern,17489,2367,78318,26703,47222,Southern,19896,2448,109697,32015,49335,Southern,23031,842,111005,31344,45024.4
325,Southwest Airlines,18605,1136,20200,46278,29947,Southwest Airlines,19820,2181,21312,49583,28586,Southwest Airlines,20425,2244,23286,53536,33076,Southwest Airlines,21171,3488,25110,56110,33677.8
326,SpartanNash,7916,59,1932,12300,1194,SpartanNash,7652,63,1925,11850,1130,SpartanNash,7735,56.8,1930,11500,1313,SpartanNash,8128.1,-52.8,2055.8,11950,620.4
327,Stanley Black & Decker,11457,761,15849,50400,14615,Stanley Black & Decker,11211,884,15172,51250,15771,Stanley Black & Decker,11407,965.3,15635,54023,20280,Stanley Black & Decker,12747.2,1226,19079.9,57765,23609.9
,Starbucks,16448,2068,10753,191000,71006,Starbucks,19163,2757,12446,238000,88243,Starbucks,21316,2817.7,14330,254000,85092,Starbucks,22386.8,2884.7,14365.6,277000,81370.2
329,State Farm Insurance Cos.,71160,4191,239143,73262,0,State Farm Insurance Cos.,75697,6229,241183,70425,0,State Farm Insurance Cos.,76132,350.3,256030,68234,0,State Farm Insurance Cos.,78330.8,2206.5,272345.2,65664,0
330,State Street Corp.,10687,2037,274119,29970,30315,State Street Corp.,10760,1980,245192,32356,23409,State Street Corp.,10635,2143,242698,33783,30406,State Street Corp.,11774,2177,238425,36643,36688.2
331,Steel Dynamics,8756,157,7311,7780,4857,Steel Dynamics,7594,-130,6202,7500,5480,Steel Dynamics,7777,382.1,6424,7695,8425,Steel Dynamics,9538.8,812.7,6855.7,7635,10443.8
332,Stryker,9675,515,17713,26000,34961,Stryker,9946,1439,16247,27000,40040,Stryker,11325,1647,20435,33000,49115,Stryker,12444,1020,22197,33000,60041.3
333,SunTrust Banks,8707,1774,190328,24638,21564,SunTrust Banks,8533,1933,190817,24043,18220,SunTrust Banks,9161,1878,204875,24375,27175,SunTrust Banks,9741,2273,205962,23785,31863.1
334,Supervalu,18390,182,4374,35800,3039,Supervalu,17820,192,4485,38500,1532,Supervalu,17529,178,4370,38000,1033,Supervalu,16009,650,3580,29000,585
335,Synnex,13840,180,4713,64000,3052,Synnex,13338,209,4444,78500,3674,Synnex,14062,234.9,5223,110000,4469,Synnex,17045.7,301.2,7698.5,113600,4702.1
336,Sysco,46517,932,13168,50300,22349,Sysco,48681,687,17989,51700,26384,Sysco,50367,949.6,16722,51900,28048,Sysco,55371.1,1142.5,17756.7,66500,31294.2
337,Targa Resources,8617,102,6454,1350,5365,Targa Resources,6659,58,13254,1870,4795,Targa Resources,6691,-187.3,12871,1970,11743,Targa Resources,8814.9,54,14388.6,2130,9628.5
338,Target,74520,-1636,41404,347000,52668,Target,73785,3363,40262,341000,49367,Target,69495,2737,37431,323000,30502,Target,71879,2934,38999,345000,37408.6
339,Tech Data,27671,175,6138,8900,2116,Tech Data,26380,266,6358,9000,2694,Tech Data,26235,195.1,7932,9500,3569,Tech Data,36775,116.6,12652.6,14000,3248.9
340,Tenet Healthcare,17924,12,18141,96456,4909,Tenet Healthcare,20111,-140,23682,119148,2871,Tenet Healthcare,21070,-192,24701,116475,1777,Tenet Healthcare,20613,-704,23385,111980,2451.9
341,Tenneco,8420,226,4010,29000,3519,Tenneco,8209,247,3967,30000,2963,Tenneco,8599,363,4342,31000,3390,Tenneco,9274,207,4842,32000,2821.9
342,Texas Instruments,13045,2821,17722,31003,59881,Texas Instruments,13000,2986,16230,29977,57722,Texas Instruments,13370,3595,16431,29865,80531,Texas Instruments,14961,3682,17642,29714,102134.9
343,Textron,13878,600,14605,34000,12280,Textron,13423,697,14708,35000,9809,Textron,13788,962,15358,36000,12851,Textron,14198,307,15340,37000,15292.9
344,Thermo Fisher Scientific,17100,1894,42852,51000,53304,Thermo Fisher Scientific,16965,1975,40889,52400,56107,Thermo Fisher Scientific,18274,2021.8,45908,54800,59964,Thermo Fisher Scientific,20918,2225,56669,66100,82952.3
345,Thrivent Financial for Lutherans,8521,753,80376,3062,0,Thrivent Financial for Lutherans,8789,769,83532,3104,0,Thrivent Financial for Lutherans,8777,587.8,88561,3282,0,Thrivent Financial for Lutherans,8527.9,558.4,95001.3,3622,0
346,TIAA,34230,967,526048,12322,0,TIAA,35181,1214,517963,12735,0,TIAA,37105,1492.3,523194,12997,0,TIAA,36025.3,1049.7,583631.7,16829,0
347,Time Warner,28774,3827,63259,25600,70129,Time Warner,28118,3833,63848,24800,57326,Time Warner,29318,3926,65966,25000,75660,Time Warner,31271,5247,69209,26000,73758.4
348,TJX,29078,2215,11128,198000,47877,TJX,30945,2278,11500,216000,51914,TJX,33184,2298.2,12884,235000,51053,TJX,35864.7,2607.9,14058,249000,51570.6
349,Tractor Supply,5712,371,2035,16050,11609,Tractor Supply,6227,410,2371,17500,12060,Tractor Supply,6780,437.1,2675,19500,8960,Tractor Supply,7256.4,422.6,2868.8,21000,7806.7
350,TravelCenters of America,7779,61,1425,16330,669,TravelCenters of America,5851,28,1635,18450,263,TravelCenters of America,5511,-2,1660,20259,241,TravelCenters of America,6051.6,9.3,1617.9,19611,143.9
351,Travelers Cos.,27162,3692,103078,30200,34750,Travelers Cos.,26800,3439,100184,30900,34427,Travelers Cos.,27625,3014,100245,30900,33689,Travelers Cos.,28902,2056,103483,30800,37690.5
352,Twenty-First Century Fox,31867,4514,54793,27000,71948,Twenty-First Century Fox,28987,8306,50051,20500,53473,Twenty-First Century Fox,27326,2755,48365,21500,59949,Twenty-First Century Fox,28500,2952,50724,21700,67969.3
353,Tyson Foods,37580,864,23956,124000,15565,Tyson Foods,41373,1220,23004,113000,26331,Tyson Foods,36881,1768,22373,114000,22028,Tyson Foods,38260,1774,28066,122000,29233.1
354,U.S. Bancorp,21392,5851,402529,66750,77851,U.S. Bancorp,21494,5879,421853,65433,70518,U.S. Bancorp,22744,5888,445964,71191,87201,U.S. Bancorp,23996,6218,462040,72402,83367
355,UGI,8277,337,10093,12800,5631,UGI,6691,281,10547,13570,6926,UGI,5686,364.7,10847,13105,8543,UGI,6120.7,436.6,11582.2,13000,7685.3
356,Union Pacific,23988,5180,52716,47201,95452,Union Pacific,21813,4772,54600,47457,67332,Union Pacific,19941,4233,55718,42919,85911,Union Pacific,21240,10712,57806,41992,104261.1
357,United Continental Holdings,38901,1132,37353,84000,25839,United Continental Holdings,37864,7340,40861,84000,21519,United Continental Holdings,36556,2263,40140,88000,22225,United Continental Holdings,37736,2131,42326,89800,19778.1
358,United Natural Foods,6794,126,2297,8700,3858,United Natural Foods,8185,139,2550,8700,2028,United Natural Foods,8470,125.8,2852,9554,2187,United Natural Foods,9274.5,130.2,2886.6,9700,2164.6
359,United Rentals,5685,540,12467,12500,8835,United Rentals,5817,585,12083,12700,5599,United Rentals,5762,566,11988,12500,10561,United Rentals,6641,1346,15030,14800,14537.2
360,United States Steel,17507,102,12314,35500,3554,United States Steel,11574,-1642,9190,33200,2350,United States Steel,10261,-440,9160,29800,5893,United States Steel,12250,387,9862,29200,6199.9
361,United Technologies,65100,6220,91289,211500,106470,United Technologies,61047,7608,87484,197200,83727,United Technologies,57244,5055,89706,201600,89957,United Technologies,59837,4552,96920,204700,100666.8
362,UnitedHealth Group,130474,5619,86382,170000,112813,UnitedHealth Group,157107,5813,111383,200000,122542,UnitedHealth Group,184840,7017,122810,230000,157793,UnitedHealth Group,201159,10558,139058,260000,207079.9
363,Universal Health Services,8764,545,8974,58700,11647,Universal Health Services,9785,681,9634,64500,12181,Universal Health Services,10508,702.4,10318,70863,12022,Universal Health Services,11278.9,752.3,10761.8,72300,11162.6
364,Unum Group,10510,413,62497,9500,8481,Unum Group,10731,867,60590,9400,7385,Unum Group,11047,931.4,61942,9400,10749,Unum Group,11286.8,994.2,64013.1,9400,10530
365,UPS,58232,3032,35471,336150,87492,UPS,58363,4844,38311,341240,93277,UPS,60906,3431,40377,335520,93276,UPS,65872,4910,45403,346415,90156.1
366,USAA,24033,3410,130253,27635,0,USAA,24361,2272,137077,28681,0,USAA,27131,1779.1,147290,29943,0,USAA,30015.8,2421.9,155390.5,32705,0
367,Valero Energy,130844,3630,45550,10065,32703,Valero Energy,81824,3990,44343,10103,30132,Valero Energy,70166,2289,46173,9996,29746,Valero Energy,88407,4065,50158,10015,39976.7
368,Verizon,127079,9625,232708,177300,198410,Verizon,131620,17879,244640,177700,220646,Verizon,125980,13127,244180,160900,198900,Verizon,126034,30101,257143,155400,197496.6
369,VF,12282,1048,9980,59697,32044,VF,12377,1232,9640,64000,27422,VF,12207,1074.1,9739,69000,22786,VF,12399.6,614.9,9958.5,69000,29403.3
370,Viacom,13783,2391,23117,10140,27714,Viacom,13268,1922,22217,9445,16342,Viacom,12488,1438,22508,9650,18503,Viacom,13263,1874,23698,11200,12918.9
371,Visa,12702,5438,38569,9500,160621,Visa,13880,6328,40236,11300,183663,Visa,15082,5991,64035,14200,206242,Visa,18358,6699,67977,15000,270221.6
372,Voya Financial,11071,2300,226951,6500,9842,Voya Financial,11341,408,218250,7000,6200,Voya Financial,10782,-428,214235,6700,7191,Voya Financial,9660,-2992,222532,6300,8686.2
373,W.R. Berkley,7129,649,21717,7521,6355,W.R. Berkley,7207,504,21731,7621,6889,W.R. Berkley,7654,601.9,23365,7608,8561,W.R. Berkley,7684.8,549.1,24299.9,7722,8836.1
374,W.W. Grainger,9965,802,5284,22950,15835,W.W. Grainger,9973,769,5858,25100,14373,W.W. Grainger,10137,605.9,5694,25000,13668,W.W. Grainger,10424.9,585.7,5804.3,25050,15823.2
375,Walgreens,76392,1932,37182,213000,92365,Walgreens,103444,4220,68782,302500,90874,Walgreens,117351,4173,72688,300000,89645,Walgreens,118214,4078,66009,290000,64924.3
376,Walmart,485651,16363,203706,2200000,265344,Walmart,482130,14694,199581,2300000,215356,Walmart,485873,13643,198825,2300000,218619,Walmart,500343,9862,204522,2300000,263563.1
377,Waste Management,13996,1298,21412,39800,24815,Waste Management,12961,753,20419,40600,26234,Waste Management,13609,1182,20859,41200,32216,Waste Management,14485,1949,21829,42300,36371.7
378,WellCare Health Plans,12960,64,4495,6700,4020,WellCare Health Plans,13890,119,5194,6900,4092,WellCare Health Plans,14237,242.1,6153,7400,6212,WellCare Health Plans,17007.2,373.7,8364.6,8900,8622.2
379,Wells Fargo,88372,23057,1687155,264500,279920,Wells Fargo,90033,22894,1787632,264700,244568,Wells Fargo,94176,21938,1930115,269100,278516,Wells Fargo,97741,22183,1951757,262700,255556
380,WESCO International,7890,276,4754,9400,3115,WESCO International,7519,211,4587,9300,2307,WESCO International,7336,101.6,4491,9000,3389,WESCO International,7679,163.5,4735.5,9100,2919.9
381,Western & Southern Financial Group,5404,790,41354,2146,0,Western & Southern Financial Group,5356,457,41952,2168,0,Western & Southern Financial Group,5398,241.2,43831,2178,0,Western & Southern Financial Group,5836.3,310.4,46395.1,2226,0
382,Western Digital,15130,1617,15499,84072,21026,Western Digital,14572,1465,15181,76449,10996,Western Digital,12994,242,32862,72878,23775,Western Digital,19093,397,29860,67629,27455.9
383,Western Union,5607,852,9890,10000,10851,Western Union,5484,838,9459,10000,9560,Western Union,5423,253.2,9420,10700,9691,Western Union,5524.3,-557.1,9231.4,11500,8857.4
384,WestRock,9895,480,11040,26600,9025,WestRock,11381,507,25357,41400,9908,WestRock,14706,-396.3,23038,39000,13029,WestRock,14859.7,708.2,25089,44800,16371.5
385,Weyerhaeuser,7976,1826,13457,12800,17404,Weyerhaeuser,7082,506,12486,12600,24455,Weyerhaeuser,7902,1027,19243,10400,25451,Weyerhaeuser,7196,582,18059,9300,26463.4
386,Whirlpool,19872,650,20002,100000,15781,Whirlpool,20891,783,19010,97000,13945,Whirlpool,20718,888,19153,93000,12762,Whirlpool,21253,350,20038,92000,10823.7
387,Williams,7637,2114,50563,6742,37836,Williams,7360,-571,49020,6578,12054,Williams,7499,-424,46835,5604,24436,Williams,8031,2174,46352,5425,20567.4
388,Windstream Holdings,5830,-40,12713,12626,4477,Windstream Holdings,5765,27,12518,12326,703,Windstream Holdings,5387,-383.5,11770,11870,1038,Windstream Holdings,5852.9,-2116.6,11084.3,12979,288.5
389,World Fuel Services,43386,222,4880,4041,4144,World Fuel Services,30380,187,4549,4700,3440,World Fuel Services,27016,126.5,5413,5000,2535,World Fuel Services,33695.5,-170.2,5587.8,5000,1660.7
390,Wyndham Worldwide,5281,529,9679,34400,10907,Wyndham Worldwide,5536,612,9716,37700,8576,Wyndham Worldwide,5599,611,9819,37800,8829,Wyndham Worldwide,5821,871,10403,39200,11411.4
391,Xcel Energy,11686,1021,36958,11640,17613,Xcel Energy,11025,985,39054,11644,21226,Xcel Energy,11107,1123.4,41155,11476,22546,Xcel Energy,11404,1148,43030,11105,23106.8
392,Xerox,20905,969,27658,147500,14292,Xerox,18664,474,24817,143600,11304,Xerox,17126,-477,18145,133600,7462,Xerox,10265,195,15946,36100,7329.5
393,Yum Brands,13279,1051,8345,303405,34117,Yum Brands,13105,1293,8075,505000,33453,Yum Brands,6366,1619,5478,90000,22611,Yum Brands,5878,1340,5311,60000,28306.8
